"UPDATED","ENTRY_DATE","EVENT_LCL_DATE","EVENT_LCL_TIME","LOC_CITY_NAME","LOC_STATE_NAME","LOC_CNTRY_NAME","RMK_TEXT","EVENT_TYPE_DESC","FSDO_DESC","REGIST_NBR","FLT_NBR","ACFT_OPRTR","ACFT_MAKE_NAME","ACFT_MODEL_NAME","ACFT_MISSING_FLAG","ACFT_DMG_DESC","FLT_ACTIVITY","FLT_PHASE","FAR_PART","MAX_INJ_LVL","FATAL_FLAG","FLT_CRW_INJ_NONE","FLT_CRW_INJ_MINOR","FLT_CRW_INJ_SERIOUS","FLT_CRW_INJ_FATAL","FLT_CRW_INJ_UNK","CBN_CRW_INJ_NONE","CBN_CRW_INJ_MINOR","CBN_CRW_INJ_SERIOUS","CBN_CRW_INJ_FATAL","CBN_CRW_INJ_UNK","PAX_INJ_NONE","PAX_INJ_MINOR","PAX_INJ_SERIOUS","PAX_INJ_FATAL","PAX_INJ_UNK","GRND_INJ_NONE","GRND_INJ_MINOR","GRND_INJ_SERIOUS","GRND_INJ_FATAL","GRND_INJ_UNK"
"No","26-JAN-26","24-JAN-26","18:20:00Z","BIG BEAR CITY","CALIFORNIA","UNITED STATES","AIRCRAFT ON LANDING AND ENCOUNTERED A WIND GUST VEERING OFF THE RUNWAY AND STRIKING A RUNWAY LIGHT, BIG BEAR CITY, CA.","INCIDENT","RIVERSDIE FSDO","N3383R","","","CESSNA","182","No","MINOR","PERSONAL","LANDING (LDG)","91","NONE","No","1","0","0","0","0","0","0","0","0","0","1","0","0","0","0","0","0","0","0","0"
"No","26-JAN-26","25-JAN-26","21:50:00Z","KINGMAN","ARIZONA","UNITED STATES","AIRCRAFT NOSE GEAR COLLAPSED ON LANDING, KINGMAN, AZ.","INCIDENT","SCOTTSDALE FSDO","N4402T","","","PIPER","PA28","No","UNKNOWN","INSTRUCTION","LANDING (LDG)","91","NONE","No","1","0","0","0","0","0","0","0","0","0","0","0","0","0","0","0","0","0","0","0"
"No","29-JAN-26","22-AUG-25","13:40:00Z","PICAYUNE","MISSISSIPPI","UNITED STATES","AIRCRAFT LOST POWER WHILE PRACTICING HOVERING AND WENT INTO A NOSE DOWN ATTITUDE CONTACTING THE GROUND, PICAYUNE, MS.","ACCIDENT","JACKSON FSDO","N360DT","","","BELL","206","No","SUBSTANTIAL","OTHER","MANEUVERING (MNV)","91","NONE","No","1","0","0","0","0","0","0","0","0","0","1","0","0","0","0","0","0","0","0","0"
"No","29-JAN-26","28-JAN-26","20:13:00Z","COVINGTON","KENTUCKY","UNITED STATES","AIRCRAFT STRUCK A BIRD ON TAKEOFF RESULTING IN A LEFT ENGINE FIRE AND RETURNED TO AIRPORT, COVINGTON, KY.","INCIDENT","CINCINNATI FSDO","N5827K","ASA2616","ALASKA AIRLINES","AIRBUS","A330","No","UNKNOWN","CARGO","TAKEOFF (TOF)","121","NONE","No","0","0","0","0","0","0","0","0","0","0","0","0","0","0","0","0","0","0","0","0"
"No","29-JAN-26","28-JAN-26","19:29:00Z","GREENVILLE","SOUTH CAROLINA","UNITED STATES","AIRCRAFT NOSE GEAR COLLAPSED WHILE DOING TOUCH AND GOES, GREENVILLE, SC.","INCIDENT","COLUMBIA FSDO","N67WJ","","","CESSNA","150","No","UNKNOWN","PERSONAL","LANDING (LDG)","91","NONE","No","1","0","0","0","0","0","0","0","0","0","0","0","0","0","0","0","0","0","0","0"
"No","29-JAN-26","28-JAN-26","21:35:00Z","BOCA RATON","FLORIDA","UNITED STATES","AIRCRAFT LANDED GEAR UP, BOCA RATON, FL.","INCIDENT","SOUTH FLORIDA FSDO","N716CZ","","","AIRCRAFT SPRUCE AND SPECIALTY","COZY MK IV","No","UNKNOWN","PERSONAL","LANDING (LDG)","91","NONE","No","1","0","0","0","0","0","0","0","0","0","0","0","0","0","0","0","0","0","0","0"
"No","29-JAN-26","28-JAN-26","22:39:00Z","INVERNESS","FLORIDA","UNITED STATES","AIRCRAFT LANDED GEAR UP, INVERNESS, FL.","INCIDENT","TAMPA FSDO","N1392W","","","MOONEY","M20C","No","UNKNOWN","PERSONAL","LANDING (LDG)","91","NONE","No","1","0","0","0","0","0","0","0","0","0","1","0","0","0","0","0","0","0","0","0"
"No","29-JAN-26","29-JAN-26","01:50:00Z","WILMINGTON","DELAWARE","UNITED STATES","AIRCRAFT LANDED ON A CLOSED RUNWAY, LOST CONTROL DAMAGING THE PROP AND WINGS, WILMINGTON, DE.","INCIDENT","PHILADELPHIA FSDO","N969FG","","","CESSNA","172","No","MINOR","PERSONAL","LANDING (LDG)","91","NONE","No","1","0","0","0","0","0","0","0","0","0","1","0","0","0","0","0","0","0","0","0"
"No","02-FEB-26","01-FEB-26","17:19:00Z","ODESSA","TEXAS","UNITED STATES","AIRCRAFT ATTEMPTED  A GO-AROUND IMMEDIATELY AFTER TOUCHING DOWN AND LANDING GEAR STRUCK THE WINDSHIELD OF N6780W WHICH JUST TAXIED ONTO THE RUNWAY, ODESSA, TX.","ACCIDENT","LUBBOCK FSDO","N9AB","","","BEECH","V35B","No","SUBSTANTIAL","PERSONAL","LANDING (LDG)","91","NONE","No","1","0","0","0","0","0","0","0","0","0","1","0","0","0","0","0","0","0","0","0"
"No","02-FEB-26","01-FEB-26","17:19:00Z","ODESSA","TEXAS","UNITED STATES","AIRCRAFT JUST PULLED ONTO RUNWAY AS N9AB WAS ATTEMPTING TO LAND, DID A GO-AROUND IMMEDIATELY AND LANDING GEAR STRUCK THE WINDSHIELD, ODESSA, TX.","ACCIDENT","LUBBOCK FSDO","N6780W","","","PIPER","PA28","No","SUBSTANTIAL","PERSONAL","TAKEOFF (TOF)","91","NONE","No","1","0","0","0","0","0","0","0","0","0","1","0","0","0","0","0","0","0","0","0"
"No","02-FEB-26","01-FEB-26","04:20:00Z","ANCHORAGE","ALASKA","UNITED STATES","AIRCRAFT DEPARTED, WHILE IN A CLIMBING TURN, DESCENDED AND MADE A HARD LANDING ON A TAXIWAY, ANCHORAGE, AK.","ACCIDENT","ANCHORAGE FSDO","N3263Z","","","PIPER","PA22","No","SUBSTANTIAL","PERSONAL","INITIAL CLIMB (ICL)","91","MINOR","No","0","0","0","0","1","0","0","0","0","0","0","1","0","0","0","0","0","0","0","0"
"No","02-FEB-26","30-JAN-26","16:30:00Z","DURANGO","COLORADO","UNITED STATES","AIRCRAFT WAS ASSISTED BY A BY-STANDER WHO WAS INJURED, DURANGO, CO.","ACCIDENT","SALT LAKE CITY FSDO","N4010K","","","ADAMS BALLOONS","A55S","No","NONE","PERSONAL","LANDING (LDG)","91","SERIOUS","No","1","0","0","0","0","0","0","0","0","0","0","0","0","0","0","0","0","1","0","0"
"No","02-FEB-26","01-FEB-26","16:45:00Z","AKRON","OHIO","UNITED STATES","AIRCRAFT EXPERIENCED ENGINE ISSUES AND CRASHED INTO TREES, AKRON, OH.","INCIDENT","CLEVELAND FSDO","N5930V","","","PIPER","J3C-65","No","UNKNOWN","PERSONAL","EN ROUTE (ENR)","91","NONE","No","0","1","0","0","0","0","0","0","0","0","0","1","0","0","0","0","0","0","0","0"
"No","02-FEB-26","29-JAN-26","23:40:00Z","HILLSBORO","TEXAS","UNITED STATES","AIRCRAFT LEFT DOOR DEPARTED IN FLIGHT, HILLSBORO, TX.","INCIDENT","NORTH TEXAS FSDO","N37VK","","","DIAMOND","DA42","No","MINOR","PERSONAL","EN ROUTE (ENR)","91","NONE","No","1","0","0","0","0","0","0","0","0","0","1","0","0","0","0","0","0","0","0","0"
"No","02-FEB-26","30-NOV-25","20:30:00Z","LUBBOCK","TEXAS","UNITED STATES","AIRCRAFT MADE A HARD LANDING AND BENT THE PROP, LUBBOCK, TX.","INCIDENT","LUBBOCK FSDO","N169SR","","","CIRRUS","SR20","No","MINOR","PERSONAL","LANDING (LDG)","91","NONE","No","1","0","0","0","0","0","0","0","0","0","0","0","0","0","0","0","0","0","0","0"
"No","02-FEB-26","29-JAN-26","23:50:00Z","CINCINNATI","OHIO","UNITED STATES","AIRCRAFT STRUCK A FLOCK OF BIRDS LEAVING A LARGE DENT IN THE GENERATOR AIR INLET, CINCINNATI, OH.","INCIDENT","CINCINNATI FSDO","N343QS","","NET JETS","EMBRAER","EMB-505","No","UNKNOWN","ON DEMAND","APPROACH (APR)","135","NONE","No","0","0","0","0","0","0","0","0","0","0","0","0","0","0","0","0","0","0","0","0"
"No","02-FEB-26","01-FEB-26","16:42:00Z","ATHENS","TEXAS","UNITED STATES","AIRCRAFT EXPERIENCED ENGINE ISSUES AND LANDED IN A FIELD, ATHENS, TX.","INCIDENT","NORTH TEXAS FSDO","N378Z","","","BEECH","35-A33","No","NONE","PERSONAL","EN ROUTE (ENR)","91","NONE","No","1","0","0","0","0","0","0","0","0","0","1","0","0","0","0","0","0","0","0","0"
"No","02-FEB-26","31-JAN-26","01:51:00Z","AUSTIN","TEXAS","UNITED STATES","AIRCRAFT ON TAKEOFF ROLL, NOSE WHEEL BLEW APART, PILOT ATTEMPTED TO ABORT TAKEOFF AND ENDED UP PAST THE DEPARTURE END OF THE RUNWAY IN A FENCE, AUSTIN, TX.","INCIDENT","SAN ANTONIO FSDO","N441EC","","","CESSNA","441","No","UNKNOWN","PERSONAL","TAKEOFF (TOF)","91","MINOR","No","0","1","0","0","0","0","0","0","0","0","0","1","0","0","0","0","0","0","0","0"
"No","02-FEB-26","31-JAN-26","15:30:00Z","AUGUSTA","KANSAS","UNITED STATES","AIRCRAFT IMPACTED A SNOW BANK DURING LANDING AND FLIPPED OVER, AUGUSTA, KS.","INCIDENT","WICHITA FSDO","N767VK","","","TEXTRON","172","No","UNKNOWN","INSTRUCTION","LANDING (LDG)","91","NONE","No","1","0","0","0","0","0","0","0","0","0","0","0","0","0","0","0","0","0","0","0"
"No","02-FEB-26","30-JAN-26","19:20:00Z","MADISON","WISCONSIN","UNITED STATES","AIRCRAFT STRUCK A BIRD AND POST FLIGHT INSPECTION REVEALED A DENT IN THE LEFT WING, MADISON, WI.","INCIDENT","MILWAUKEE FSDO","N832MA","","","CESSNA","172","No","UNKNOWN","PUBLIC USE","TAKEOFF (TOF)","91","NONE","No","1","0","0","0","0","0","0","0","0","0","1","0","0","0","0","0","0","0","0","0"
"No","02-FEB-26","01-FEB-26","23:50:00Z","HOLLYWOOD","FLORIDA","UNITED STATES","AIRCRAFT LANDED GEAR UP, HOLLYWOOD, FL.","INCIDENT","SOUTH FLORIDA FSDO","N949SM","","","CESSNA","172RG","No","UNKNOWN","PERSONAL","LANDING (LDG)","91","NONE","No","1","0","0","0","0","0","0","0","0","0","3","0","0","0","0","0","0","0","0","0"
"No","02-FEB-26","30-JAN-26","18:11:00Z","GOSHEN","UTAH","UNITED STATES","AIRCRAFT MADE AN EMEGENCY LANDING ON A HIGHWAY DUE TO ENGINE ISSUES, GOSHEN, UT.","INCIDENT","SALT LAKE CITY FSDO","N2050E","","","CESSNA","172","No","UNKNOWN","INSTRUCTION","EN ROUTE (ENR)","91","NONE","No","1","0","0","0","0","0","0","0","0","0","1","0","0","0","0","0","0","0","0","0"
"No","02-FEB-26","30-JAN-26","21:34:00Z","CHICAGO","ILLINOIS","UNITED STATES","AIRCRAFT PARKED AT THE DE-ICE PAD AND RIGHT WING WAS STRUCK BY A DE-ICE TRUCK, CHICAGO, IL.","INCIDENT","GREATER CHICAGO FSDO","N9013A","AAL2121","AMERICAN AIRLINES","AIRBUS","A319","No","MINOR","COMMERCIAL","STANDING (STD)","121","NONE","No","0","0","0","0","0","0","0","0","0","0","0","0","0","0","0","0","0","0","0","0"
"No","02-FEB-26","29-JAN-26","23:00:00Z","MARBLE FALLS","TEXAS","UNITED STATES","AIRCRAFT MADE AN EMERGENCY LANDING IN THE COLORADO RIVER ON A DRY RIVERBED, MARBEL FALLS, TX.","INCIDENT","SAN ANTONIO FSDO","N36927","","","AERONCA","L-3B","No","NONE","PERSONAL","EN ROUTE (ENR)","91","NONE","No","1","0","0","0","0","0","0","0","0","0","0","0","0","0","0","0","0","0","0","0"
"No","02-FEB-26","30-JAN-26","18:20:00Z","ST PETERSBURG","FLORIDA","UNITED STATES","AIRCRAFT LANDED AND GEAR COLLAPSED, ST PETERSBURG, FL.","INCIDENT","TAMPA FSDO","N51576","","","VELOCITY","VELOCITY","No","UNKNOWN","PERSONAL","LANDING (LDG)","91","NONE","No","1","0","0","0","0","0","0","0","0","0","0","0","0","0","0","0","0","0","0","0"
"No","30-JAN-26","29-JAN-26","21:30:00Z","IRWIN","IDAHO","UNITED STATES","AIRCRAFT MADE A RIGHT TURN OVER DRY LAKEBED, CARTWHEELED AND CAME TO REST INVERTED IN A SNOWBANK, IRWIN, ID.","ACCIDENT","SALT LAKE CITY FSDO","N59SE","","","AMERICAN CHAMPION","SUPER DECATHON","No","SUBSTANTIAL","PERSONAL","UNKNOWN (UNK)","91","NONE","No","1","0","0","0","0","0","0","0","0","0","0","0","0","0","0","0","0","0","0","0"
"No","30-JAN-26","29-JAN-26","18:31:00Z","MOBILE","ALABAMA","UNITED STATES","AIRCRAFT ATTEMPTED TO LAND IN A FIELD FOR UNKNOWN REASONS AND CAME TO REST IN A DITCH, MOBILE, AL.","INCIDENT","ALABAMA AND NW FLORIDA FSDO","N601LL","","","ZENITH","ZODIAC","No","UNKNOWN","PERSONAL","EN ROUTE (ENR)","91","NONE","No","1","0","0","0","0","0","0","0","0","0","0","0","0","0","0","0","0","0","0","0"
"No","30-JAN-26","29-JAN-26","17:15:00Z","FLORAL CITY","FLORIDA","UNITED STATES","AIRCRAFT LANDED HARD IN A FIELD UNDER UNKNOWN CIRCUMSTANCES, FLORAL CITY, FL.","ACCIDENT","TAMPA FSDO","N347BH","","","BELL","47G","No","DESTROYED","PERSONAL","LANDING (LDG)","91","NONE","No","1","0","0","0","0","0","0","0","0","0","0","0","0","0","0","0","0","0","0","0"
"Yes","30-JAN-26","29-JAN-26","19:02:00Z","SULLIVAN","MISSOURI","UNITED STATES","AIRCRAFT STRUCK POWER LINES WHILE PERFORMING DEER SURVEY AND CRASHED IN A RIVER, SULLIVAN, MO.","ACCIDENT","ST LOUIS FSDO","N916VK","","","ROBINSON","R44","No","SUBSTANTIAL","OTHER","EN ROUTE (ENR)","91","MINOR","No","0","1","0","0","0","0","0","0","0","0","0","3","0","0","0","0","0","0","0","0"
"Yes","28-JAN-26","27-JAN-26","21:30:00Z","BLACK CANYON","IDAHO","UNITED STATES","AIRCRAFT CRASHED ONTO FROZEN RIVER AFTER CLIPPING POWER LINES, BLACK CANYON, ID.","ACCIDENT","BOISE FSDO","N126C","","","CUBCRAFTERS","CCX-1865","No","SUBSTANTIAL","PERSONAL","EN ROUTE (ENR)","91","FATAL","Yes","0","0","0","1","0","0","0","0","0","0","0","0","0","1","0","0","0","0","0","0"
"No","28-JAN-26","27-JAN-26","14:49:00Z","HOUSTON","TEXAS","UNITED STATES","AIRCRAFT LANDED GEAR UP, HOUSTON, TX.","INCIDENT","HOUSTON FSDO","N927NA","","","MARTIN GENERAL DYNAMICS","WB-57F","No","UNKNOWN","PUBLIC USE","LANDING (LDG)","91","NONE","No","1","0","0","0","0","0","0","0","0","0","1","0","0","0","0","0","0","0","0","0"
"No","28-JAN-26","19-JAN-26","19:43:00Z","MADISONVILLE","TENNESSEE","UNITED STATES","AIRCRAFT FAILED TO TAKEOFF FOR UNKNOWN REASONS INCURRING A PROP STRIKE, MADISONVILLE, TN.","INCIDENT","NASHVILLE FSDO","N88WL","","","RANS","S-21 OUTBOUND","No","UNKNOWN","PERSONAL","TAKEOFF (TOF)","91","NONE","No","1","0","0","0","0","0","0","0","0","0","1","0","0","0","0","0","0","0","0","0"
"No","28-JAN-26","27-JAN-26","14:07:00Z","BAY MINETTE","ALABAMA","UNITED STATES","AIRCRAFT CRASHED UNDER UNKNOWN CIRCUMSTANCES SHORT OF THE RUNWAY, BAY MINETTE, AL.","INCIDENT","ALABAMA AND NW FLORIDA FSDO","N708BL","","","DIAMOND","DA40","No","UNKNOWN","INSTRUCTION","APPROACH (APR)","91","MINOR","No","0","1","0","0","0","0","0","0","0","0","0","1","0","0","0","0","0","0","0","0"
"No","28-JAN-26","27-JAN-26","21:35:00Z","VAN NUYS","CALIFORNIA","UNITED STATES","AIRCRAFT RIGHT MAIN LANDING GEAR FELL OFF ON DEPARTURE, VAN NUYS, CA.","INCIDENT","VAN NUYS FSDO","N51467","","","PIPER","PA28","No","MINOR","PERSONAL","TAKEOFF (TOF)","91","NONE","No","1","0","0","0","0","0","0","0","0","0","0","0","0","0","0","0","0","0","0","0"
"No","28-JAN-26","28-JAN-26","02:47:00Z","MINNEAPOLIS","MINNESOTA","UNITED STATES","AIRCRAFT LANDED AND VEERED OFF RUNWAY STRIKING RUNWAY LIGHTS AND INCURRING A PROP STRIKE, MINNEAPOLIS, MN.","INCIDENT","MINNEAPOLIS FSDO","N228RS","","","CIRRUS","SR22T","No","UNKNOWN","PERSONAL","LANDING (LDG)","91","NONE","No","1","0","0","0","0","0","0","0","0","0","0","0","0","0","0","0","0","0","0","0"
"No","28-JAN-26","28-JAN-26","07:01:00Z","SACRAMENTO","CALIFORNIA","UNITED STATES","AIRCRAFT BACK PASSENGER DOOR BLEW OFF AFTER DEPARTURE AND RETURNED TO AIRPORT, SACRAMENTO, CA.","INCIDENT","SACRAMENTO FSDO","N557AF","","","DIAMOND","DA40","No","UNKNOWN","PERSONAL","TAKEOFF (TOF)","91","NONE","No","1","0","0","0","0","0","0","0","0","0","3","0","0","0","0","0","0","0","0","0"
"No","21-JAN-26","17-JAN-26","23:40:00Z","LAKEWOOD","NEW JERSEY","UNITED STATES","AIRCRAFT STRUCK A DEER ON DEPARTURE AND ABORTED TAKEOFF, LAKEWOOD, NJ.","INCIDENT","PHILADELPHIA FSDO","N42JA","","","CESSNA","172","No","MINOR","PERSONAL","TAKEOFF (TOF)","91","NONE","No","1","0","0","0","0","0","0","0","0","0","0","0","0","0","0","0","0","0","0","0"
"No","21-JAN-26","20-JAN-26","12:20:00Z","HOLLYWOOD","FLORIDA","UNITED STATES","AIRCRAFT VEERED OFF TAXIWAY FOR UNKNOWN REASONS, HOLLYWOOD, FL.","INCIDENT","SOUTH FLORIDA FSDO","N14793","","","BELLANCA","17-30A","No","NONE","PERSONAL","TAXI (TXI)","91","NONE","No","1","0","0","0","0","0","0","0","0","0","1","0","0","0","0","0","0","0","0","0"
"No","21-JAN-26","20-JAN-26","14:30:00Z","ALTOONA","PENNSYLVANIA","UNITED STATES","AIRCRAFT LANDED AND VEERED OFF RUNWAY INCURRING A PROP STRIKE, ALTOONA, PA.","INCIDENT","ALLEGHENY FSDO","N63368","","","CESSNA","180","No","UNKNOWN","PERSONAL","LANDING (LDG)","91","NONE","No","1","0","0","0","0","0","0","0","0","0","0","0","0","0","0","0","0","0","0","0"
"No","22-JAN-26","21-JAN-26","22:12:00Z","ALCOVA","WYOMING","UNITED STATES","AIRCRAFT LOST CONTROL ON LANDING, ALCOVA, WY.","ACCIDENT","DENVER FSDO","N972WY","","","CUBCRAFTERS","CCX-2000","No","SUBSTANTIAL","PERSONAL","LANDING (LDG)","91","NONE","No","1","0","0","0","0","0","0","0","0","0","0","0","0","0","0","0","0","0","0","0"
"No","22-JAN-26","21-JAN-26","14:15:00Z","SCOTTSDALE","ARIZONA","UNITED STATES","AIRCRAFT WARMING UP AND INADVERTENTLY STARTED TO MOVE AND STRUCK TWO PARKED VEHICLES, SCOTTSDALE, AZ.","INCIDENT","SCOTTSDALE FSDO","N505AF","","","PIPER","PA28","No","NONE","PERSONAL","STANDING (STD)","91","NONE","No","1","0","0","0","0","0","0","0","0","0","0","0","0","0","0","0","0","0","0","0"
"No","22-JAN-26","21-JAN-26","14:54:00Z","OCALA","FLORIDA","UNITED STATES","AIRCRAFT STRUCK A BIRD ON LANDING, OCALA, FL.","INCIDENT","ORLANDO FSDO","N890TA","","","COSTRUZIONI AERONAUTICHE TECNA","P2008","No","UNKNOWN","PERSONAL","LANDING (LDG)","91","NONE","No","1","0","0","0","0","0","0","0","0","0","0","0","0","0","0","0","0","0","0","0"
"No","23-JAN-26","22-JAN-26","21:00:00Z","NORTH AUGUSTA","SOUTH CAROLINA","UNITED STATES","AIRCRAFT CRASHED IN A FIELD DUE TO ENGINE ISSUES DURING TREE TRIMMING, NORTH AUGUSTA, SC.","INCIDENT","COLUMBIA FSDO","N105AC","","","HUGHES","369","No","UNKNOWN","OTHER","MANEUVERING (MNV)","133","NONE","No","1","0","0","0","0","0","0","0","0","0","0","0","0","0","0","0","0","0","0","0"
"No","23-JAN-26","22-JAN-26","19:00:00Z","NEWKIRK","NEW MEXICO","UNITED STATES","AIRCRAFT MADE AN EMERGENCY LANDING IN A FIELD, NEWKIRK, NM.","INCIDENT","ALBUQUERQUE FSDO","N1210P","","","PIPER","PA23","No","UNKNOWN","PERSONAL","EN ROUTE (ENR)","91","NONE","No","1","0","0","0","0","0","0","0","0","0","1","0","0","0","0","0","0","0","0","0"
"No","21-JAN-26","20-JAN-26","22:58:00Z","HOUSTON","TEXAS","UNITED STATES","AIRCRAFT VEERED OFF RUNWAY DURING TAKEOFF ROLL, HOUSTON, TX.","INCIDENT","HOUSTON FSDO","N4NH","","","EXPERIMENTAL","QUICKSILVER II","No","UNKNOWN","PERSONAL","TAKEOFF (TOF)","91","NONE","No","1","0","0","0","0","0","0","0","0","0","0","0","0","0","0","0","0","0","0","0"
"No","20-JAN-26","19-JAN-26","16:10:00Z","SHERIDAN","WYOMING","UNITED STATES","AIRCRAFT CRASHED INTO N74730 ON LANDING, SHERIDAN, WY.","ACCIDENT","DENVER FSDO","N996NR","","","ROBINSON","R44","No","SUBSTANTIAL","PERSONAL","LANDING (LDG)","91","NONE","No","1","0","0","0","0","0","0","0","0","0","0","0","0","0","0","0","0","0","0","0"
"No","20-JAN-26","19-JAN-26","16:10:00Z","SHERIDAN","WYOMING","UNITED STATES","AIRCRAFT CRASHED INTO N996NR WHILE LANDING, SHERIDAN, WY.","ACCIDENT","DENVER FSDO","N74730","","","ROBINSON","R44","No","SUBSTANTIAL","PERSONAL","LANDING (LDG)","91","NONE","No","1","0","0","0","0","0","0","0","0","0","1","0","0","0","0","0","0","0","0","0"
"No","20-JAN-26","18-JAN-26","22:40:00Z","HOLLY SPRINGS","MISSISSIPPI","UNITED STATES","AIRCRAFT CONDUCTING TOUCH AND GOS, CRASHED AND POST CRASH FIRE, HOLLY SPRINGS, MS.","ACCIDENT","JACKSON FSDO","N6711J","","","PIPER","PA28","No","SUBSTANTIAL","PERSONAL","APPROACH (APR)","91","FATAL","Yes","0","0","0","1","0","0","0","0","0","0","0","0","0","1","0","0","0","0","0","0"
"No","20-JAN-26","16-JAN-26","17:30:00Z","AMERY","WISCONSIN","UNITED STATES","AIRCRAFT EXPERIENCED ENGINE ISSUES, LANDED IN A FIELD AND FLIPPED OVER, AMERY, WI.","","MINNEAPOLIS FSDO","N79118","","","CESSNA","172","No","UNKNOWN","PERSONAL","EN ROUTE (ENR)","91","NONE","No","1","0","0","0","0","0","0","0","0","0","0","0","0","0","0","0","0","0","0","0"
"No","20-JAN-26","18-JAN-26","18:00:00Z","TIMBER LAKES","UTAH","UNITED STATES","AIRCRAFT CRASHED IN MOUNTAINOUS TERRAIN UNDER UNKNOWN CIRCUMSTANCES, TIMBER LAKES, UT.","ACCIDENT","SALT LAKE CITY FSDO","N138DD","","","BELL","206","No","SUBSTANTIAL","PERSONAL","EN ROUTE (ENR)","91","SERIOUS","No","0","0","1","0","0","0","0","0","0","0","0","3","0","0","0","0","0","0","0","0"
"No","20-JAN-26","19-JAN-26","13:51:00Z","LOS ANGELES","CALIFORNIA","UNITED STATES","AIRCRAFT #1 ENGINE STRUCK JET BRIDGE AT THE GATE, LOS ANGELES, CA.","INCIDENT","LOS ANGELES FSDO","N729AN","AAL72","AMERICAN AIRLINES","BOEING","777","No","UNKNOWN","COMMERCIAL","MANEUVERING (MNV)","121","NONE","No","0","0","0","0","0","0","0","0","0","0","0","0","0","0","0","0","0","0","0","0"
"No","20-JAN-26","19-JAN-26","15:02:00Z","MIAMI","FLORIDA","UNITED STATES","AIRCRAFT STRUCK A BIRD AND POST FLIGHT INSPECTION REVEALED DAMAGE TO NOSE CONE, MIAMI, FL.","INCIDENT","SOUTH FLORIDA FSDO","N123NN","AAL2692","AMERICAN AIRLINES","AIRBUS","A321","No","UNKNOWN","COMMERCIAL","APPROACH (APR)","121","NONE","No","0","0","0","0","0","0","0","0","0","0","0","0","0","0","0","0","0","0","0","0"
"No","20-JAN-26","17-JAN-26","18:50:00Z","PALM COAST","FLORIDA","UNITED STATES","AIRCRAFT STRUCK A BIRD ON TAKEOFF DAMAGING RIGHT WING, PALM COAST, FL.","INCIDENT","SOUTH FLORIDA FSDO","N61237","","","CESSNA","172","No","UNKNOWN","PERSONAL","TAKEOFF (TOF)","91","NONE","No","","0","0","0","0","0","0","0","0","0","0","0","0","0","0","0","0","0","0","0"
"No","20-JAN-26","17-JAN-26","16:39:00Z","CODY","WYOMING","UNITED STATES","AIRCRAFT DRIFTED TO THE LEFT AFTER LANDING, OVER CORRECTED AND GROUND LOOPED, CODY, WY.","ACCIDENT","DENVER FSDO","N116G","","","MAULE","M7","No","SUBSTANTIAL","PERSONAL","LANDING (LDG)","91","NONE","No","1","0","0","0","0","0","0","0","0","0","4","0","0","0","0","0","0","0","0","0"
"No","20-JAN-26","16-JAN-26","23:58:00Z","ANCHORAGE","ALASKA","UNITED STATES","AIRCRAFT EXPERIENCED A DOWNDRAFT ON FINAL AND CLIPPED A SNOW BANK, ANCHORAGE, AK.","ACCIDENT","ANCHORAGE FSDO","N918MR","","","BEECH","65-A90-1","No","SUBSTANTIAL","PERSONAL","APPROACH (APR)","91","NONE","No","1","0","0","0","0","0","0","0","0","0","3","0","0","0","0","0","0","0","0","0"
"No","20-JAN-26","16-JAN-26","15:34:00Z","DAYTONA BEACH","FLORIDA","UNITED STATES","AIRCRAFT STRUCK A BIRD ON LANDING DAMAGING RIGHT STRUT, DAYTONA BEACH, FL.","INCIDENT","ORLANDO FSDO","N471ER","ERU471","EMBRY RIDDLE AERONAUTICAL UNIVERSITY","TEXTRON","172","No","UNKNOWN","FAR 141 PILOT SCHOOL","LANDING (LDG)","91","NONE","No","1","0","0","0","0","0","0","0","0","0","0","0","0","0","0","0","0","0","0","0"
"No","20-JAN-26","16-JAN-26","23:38:00Z","ANACORTES","WASHINGTON","UNITED STATES","AIRCRAFT CRASHED UNDER UNKNOWN CIRCUMSTANCES IN LAKE CAMPBELL, ANACORTES, WA.","INCIDENT","SEATTLE FSDO","N48X","","","LAKE","LA-4","No","UNKNOWN","PERSONAL","UNKNOWN (UNK)","91","NONE","No","1","0","0","0","0","0","0","0","0","0","1","0","0","0","0","0","0","0","0","0"
"No","20-JAN-26","15-JAN-26","22:13:00Z","CALDWELL","NEW JERSEY","UNITED STATES","AIRCRAFT STRUCK TREES ON LANDING, CALDWELL, NJ.","INCIDENT","TETERBORO FSDO","N59WM","","","AMERICAN GENERAL","AG5B","No","UNKNOWN","PERSONAL","LANDING (LDG)","91","NONE","No","0","0","0","0","0","0","0","0","0","0","0","0","0","0","0","0","0","0","0","0"
"No","20-JAN-26","16-JAN-26","02:15:00Z","LOS ANGELES","CALIFORNIA","UNITED STATES","AIRCRAFT CONDUCTING TOUCH AND GOS, ABORTED TAKEOFF WHILE IN FLARE AND STRUCK TAIL ROTOR, LOS ANGELES, CA.","INCIDENT","LOS ANGELES FSDO","N76CG","","","SIKORSKY","S-76","No","MINOR","INSTRUCTION","TAKEOFF (TOF)","91","NONE","No","1","0","0","0","0","0","0","0","0","0","1","0","0","0","0","0","0","0","0","0"
"No","20-JAN-26","18-JAN-26","21:40:00Z","NASHVILLE","TENNESSEE","UNITED STATES","AIRCRAFT GEAR COLLAPSED ON LANDING, NASHVILLE, TN.","INCIDENT","NASHVILLE FSDO","N521PT","","","CIRRUS","SR20","No","UNKNOWN","PERSONAL","LANDING (LDG)","91","NONE","No","1","0","0","0","0","0","0","0","0","0","0","0","0","0","0","0","0","0","0","0"
"No","20-JAN-26","19-JAN-26","02:44:00Z","WHITE PLAINS","NEW YORK","UNITED STATES","AIRCRAFT LANDED AND SLID OFF THE END OF THE RUNWAY, WHITE PLAINS, NY.","INCIDENT","FARMINGDALE FSDO","N765MS","","","ISRAEL AEROSPACE","GULFSTREAM 200","No","UNKNOWN","ON DEMAND","LANDING (LDG)","135","NONE","No","0","0","0","0","0","0","0","0","0","0","0","0","0","0","0","0","0","0","0","0"
"No","20-JAN-26","19-JAN-26","18:00:00Z","RENO","NEVADA","UNITED STATES","AIRCRAFT ON LANDING, PILOT WANTED TO AVOID A BUMP SO ATTEMPTED A GO-AROUND AND LEFT WINGTIP HIT THE GROUND AND SPUN AROUND, RENO, NV.","INCIDENT","RENO FSD0","N775DZ","","","KIT FOX","KIT FOX","No","UNKNOWN","PERSONAL","LANDING (LDG)","91","MINOR","No","0","1","0","0","0","0","0","0","0","0","0","0","0","0","0","0","0","0","0","0"
"Yes","20-JAN-26","20-JAN-26","00:45:00Z","FLAGSTAFF","ARIZONA","UNITED STATES","AIRCRAFT NOSE GEAR COLLAPSED ON LANDING, FLAGSTAFF, AZ.","INCIDENT","LAS VEGAS FSDO","N3325Q","","","CESSNA","320","No","MINOR","PERSONAL","LANDING (LDG)","91","NONE","No","1","0","0","0","0","0","0","0","0","0","1","0","0","0","0","0","0","0","0","0"
"No","20-JAN-26","19-JAN-26","14:08:00Z","PUNTA GORDA","FLORIDA","UNITED STATES","AIRCRAFT ENCOUNTERED A GUST OF WIND ON LANDING, INCURRED A PROP STRIKE AND VEERED OFF RUNWAY, PUNTA GORDA, FL.","INCIDENT","TAMPA FSDO","N7430W","","","PIPER","PA28","No","UNKNOWN","PERSONAL","LANDING (LDG)","91","NONE","No","1","0","0","0","0","0","0","0","0","0","1","0","0","0","0","0","0","0","0","0"
"No","20-JAN-26","16-JAN-26","20:17:00Z","SACRAMENTO","CALIFORNIA","UNITED STATES","AIRCRAFT LANDED GEAR UP, SACRAMENTO, CA.","INCIDENT","SACRAMENTO FSDO","N7661J","","","PIPER","PA28R","No","MINOR","PERSONAL","LANDING (LDG)","91","NONE","No","1","0","0","0","0","0","0","0","0","0","0","0","0","0","0","0","0","0","0","0"
"No","20-JAN-26","19-JAN-26","20:17:00Z","LA VERNE","CALIFORNIA","UNITED STATES","AIRCRAFT NOSE GEAR COLLAPSED ON LANDING, LA VERNE, CA.","INCIDENT","VAN NUYS FSDO","N9337Q","","","BEECH","G33","No","MINOR","PERSONAL","LANDING (LDG)","91","NONE","No","1","0","0","0","0","0","0","0","0","0","2","0","0","0","0","0","0","0","0","0"
"No","20-JAN-26","20-JAN-26","02:45:00Z","TORRANCE","CALIFORNIA","UNITED STATES","AIRCRAFT LANDED AND WHILE TAXIING TO REFUEL, CLIPPED N542PG WHICH WAS PARKED, TORRANCE, CA.","INCIDENT","LONG BEACH FSDO","N121HP","","","GLOBE","GC-1B","No","UNKNOWN","PERSONAL","TAXI (TXI)","91","NONE","No","1","0","0","0","0","0","0","0","0","0","1","0","0","0","0","0","0","0","0","0"
"No","30-JAN-26","29-JAN-26","22:25:00Z","ARCADIA","FLORIDA","UNITED STATES","AIRCRAFT LANDED AND THE GEAR COLLAPSED, ARCADIA, FL.","INCIDENT","TAMPA FSDO","N6601C","","","NORTH AMERICAN","AT-6F","No","UNKNOWN","PERSONAL","LANDING (LDG)","91","NONE","No","1","0","0","0","0","0","0","0","0","0","0","0","0","0","0","0","0","0","0","0"
"No","30-JAN-26","29-JAN-26","18:43:00Z","SUMMERDALE","ALABAMA","UNITED STATES","AIRCRAFT CRASHED AND FLIPPED OVER ON DEPARTURE, SUMMERDALE, AL.","ACCIDENT","ALABAMA AND NW FLORIDA FSDO","N4178V","","","CESSNA","170","No","SUBSTANTIAL","PERSONAL","TAKEOFF (TOF)","91","UNKNOWN","No","0","0","0","0","1","0","0","0","0","0","0","0","0","0","1","0","0","0","0","0"
"No","27-JAN-26","26-JAN-26","23:15:00Z","CASTROVILLE","TEXAS","UNITED STATES","AIRCRAFT EXPERIENCED ENGINE ISSUES AND MADE A FORCED LANDING IN A FIELD, CASTROVILLE, TX.","INCIDENT","SAN ANTONIO FSDO","N656BC","","","DIAMOND","DA40","No","UNKNOWN","PERSONAL","EN ROUTE (ENR)","91","NONE","No","1","0","0","0","0","0","0","0","0","0","1","0","0","0","0","0","0","0","0","0"
"Yes","26-JAN-26","26-JAN-26","11:46:00Z","BANGOR","MAINE","UNITED STATES","AIRCRAFT CRASHED UNDER UNKNOWN CIRCUMSTANCES ON DEPARTURE, CAME TO REST INVERTED AND CAUGHT ON FIRE, BANGOR, ME.","ACCIDENT","PORTLAND ME FSDO","N10KJ","","","BOMBARDIER","CL-600-2B16","No","UNKNOWN","PERSONAL","TAKEOFF (TOF)","91","FATAL","Yes","0","0","0","2","0","0","0","0","0","0","0","0","0","4","0","0","0","0","0","0"
"No","26-JAN-26","25-JAN-26","05:00:00Z","ANCHORAGE","ALASKA","UNITED STATES","AIRCRAFT FLIPPED WHILE LANDING ON THE FROZEN WATERLANE, ANCHORAGE, AK.","ACCIDENT","ANCHORAGAE FSDO","N6333G","","","CESSNA","150","No","SUBSTANTIAL","PERSONAL","LANDING (LDG)","91","NONE","No","1","0","0","0","0","0","0","0","0","0","1","0","0","0","0","0","0","0","0","0"
"No","26-JAN-26","24-JAN-26","13:12:00Z","SIOUX CITY","IOWA","UNITED STATES","AIRCRAFT EXPERIENCED ENGINE ISSUES AFTER TAKEOFF AND CRASH LANDED IN A FIELD, SIOUX CITY, IA.","ACCIDENT","DES MOINES FSDO","N91MK","","","PIPER","PA46","No","SUBSTANTIAL","PERSONAL","TAKEOFF (TOF)","91","NONE","No","1","0","0","0","0","0","0","0","0","0","1","0","0","0","0","0","0","0","0","0"
"No","26-JAN-26","26-JAN-26","03:30:00Z","FAIRBANKS","ALASKA","UNITED STATES","AIRCRAFT EXPERIENCED ENGINE ISSUES, DECLARED AN EMERGENCY AND LANDED ON A HIGHWAY, FAIRBANKS, AK.","INCIDENT","FAIRBANKS FSDO","N95X","","","PIPER","PA18","No","UNKNOWN","PERSONAL","EN ROUTE (ENR)","91","NONE","No","1","0","0","0","0","0","0","0","0","0","0","0","0","0","0","0","0","0","0","0"
"No","26-JAN-26","23-JAN-26","23:12:00Z","MEMPHIS","TENNESSEE","UNITED STATES","AIRCRAFT STRUCK A BIRD ON LANDING AND POST FLIGHT INSPECTION REVEALED DAMAGE TO THE RIGHT-HAND TAXI LIGHTS, MEMPHIS, TN.","INCIDENT","MEMPHIS FSDO","N317UP","UPS5388","UNITED PARCEL SERVICE","BOEING","767","No","MINOR","CARGO","LANDING (LDG)","121","NONE","No","0","0","0","0","0","0","0","0","0","0","0","0","0","0","0","0","0","0","0","0"
